{
  "swiper": [
    { "title": "beforeDestroy", "body": "mySwiper.on('beforeDestroy',function(){})" },
    { "title": "slideChange", "body": "mySwiper.on('slideChange',function(){})" },
    { "title": "slideChangeTransitionStart", "body": "mySwiper.on('slideChangeTransitionStart',function(){})" },
    { "title": "slideChangeTransitionEnd", "body": "mySwiper.on('slideChangeTransitionEnd',function(){})" },
    { "title": "slideNextTransitionStart", "body": "mySwiper.on('slideNextTransitionStart',function(){})" },
    { "title": "slideNextTransitionEnd", "body": "mySwiper.on('slideNextTransitionEnd',function(){})" },
    { "title": "slidePrevTransitionStart", "body": "mySwiper.on('slidePrevTransitionStart',function(){})" },
    { "title": "slidePrevTransitionEnd", "body": "mySwiper.on('slidePrevTransitionEnd',function(){})" },
    { "title": "transitionStart", "body": "mySwiper.on('transitionStart',function(){})" },
    { "title": "transitionEnd", "body": "mySwiper.on('transitionEnd',function(){})" },
    { "title": "imagesReady", "body": "mySwiper.on('imagesReady',function(){})" },
    { "title": "reachBeginning", "body": "mySwiper.on('reachBeginning',function(){})" },
    { "title": "reachEnd", "body": "mySwiper.on('reachEnd',function(){})" },
    { "title": "fromEdge", "body": "mySwiper.on('fromEdge',function(){})" },
    { "title": "toEdge", "body": "mySwiper.on('toEdge',function(){})" },
    { "title": "resize", "body": "mySwiper.on('resize',function(){})" },
    { "title": "observerUpdate", "body": "mySwiper.on('observerUpdate',function(){})" },
    { "title": "touchStart", "body": "mySwiper.on('touchStart',function(e){})" },
    { "title": "touchMove", "body": "mySwiper.on('touchMove',function(e){})" },
    { "title": "touchMoveOpposite", "body": "mySwiper.on('touchMoveOpposite',function(e){})" },
    { "title": "sliderMove", "body": "mySwiper.on('sliderMove',function(e){})" },
    { "title": "touchEnd", "body": "mySwiper.on('touchEnd',function(e){})" },
    { "title": "click", "body": "mySwiper.on('click',function(e){})" },
    { "title": "tap", "body": "mySwiper.on('tap',function(e){})" },
    { "title": "doubleTap", "body": "mySwiper.on('doubleTap',function(e){})" },
    { "title": "progress", "body": "mySwiper.on('progress',function(progress){})" },
    { "title": "setTranslate", "body": "mySwiper.on('setTranslate',function(translate){})" },
    { "title": "setTransition", "body": "mySwiper.on('setTransition',function(transition){})" },
    { "title": "hashChange", "body": "mySwiper.on('hashChange',function(){})" },
    { "title": "hashSet", "body": "mySwiper.on('hashSet',function(){})" },
    { "title": "beforeLoopFix", "body": "mySwiper.on('beforeLoopFix',function(){})" },
    { "title": "loopFix", "body": "mySwiper.on('loopFix',function(){})" },
    { "title": "breakpoint", "body": "mySwiper.on('breakpoint',function(){})" }
  ]
}
